id	pident	taxpath	kingdom	phylum	class	order	family	genus	species	accession	SH	dataset	sequence
6b23e6bc0fbe2cde18b5d2d17335f54157a629fb	100	Archaeorhizomyces_sp|FR877526|SH180492.07FU|MCN_ident|k__Fungi;p__Ascomycota;c__Archaeorhizomycetes;o__Archaeorhizomycetales;f__Archaeorhizomycetaceae;g__Archaeorhizomyces;s__Archaeorhizomyces_sp	Fungi	Ascomycota	Archaeorhizomycetes	Archaeorhizomycetales	Archaeorhizomycetaceae	Archaeorhizomyces	Archaeorhizomyces_sp	FR877526	SH180492.07FU	MCN_ident	AAAACATAGCACCCCATCAAGGGTCTGTCTTGGGCCTCGCCTGTGGGCGTAGCCTCAAAGTCATTGGTCTAAGGAGCGGGCAAGATCCATTGGGACTGACCGTTCTGCGACCTTAAATCTCAG
282a4068f53f33244f372079ce7634af48ff32dc	100	Archaeorhizomyces_sp|HM069472|SH209756.07FU|MCN_ident|k__Fungi;p__Ascomycota;c__Archaeorhizomycetes;o__Archaeorhizomycetales;f__Archaeorhizomycetaceae;g__Archaeorhizomyces;s__Archaeorhizomyces_sp	Fungi	Ascomycota	Archaeorhizomycetes	Archaeorhizomycetales	Archaeorhizomycetaceae	Archaeorhizomyces	Archaeorhizomyces_sp	HM069472	SH209756.07FU	MCN_ident	AAACCAATGAATCCCCAGGATTTGTGTTGGGCTCCGCATCGAATGCGTTGCCTCGAAGCCATGGTCTAACCTGCGGACGAGCTCCAATCGGACCTGCCGTGGGCGTGGCCCAGACCTTCTGA
fcf6642261e836a14d1e996e9d19f5b5d5d633f9	100	Cryptococcus_podzolicus|AF444321|SH181879.07FU|refs|k__Fungi;p__Basidiomycota;c__Tremellomycetes;o__Tremellales;f__Tremellales_fam_Incertae_sedis;g__Cryptococcus;s__Cryptococcus_podzolicus	Fungi	Basidiomycota	Tremellomycetes	Tremellales	Tremellales_fam_Incertae_sedis	Cryptococcus	Cryptococcus_podzolicus	AF444321	SH181879.07FU	refs	AGACTCAATCCCTCGGGTTTCCGAGGAGATTGGACTTGGGTGTTGCCGCTCTGCCGGCTCGCCTTAAAAGACTTAGCGGGATAGCACCGTAGTCGGCGTAATAAGTTTCGTCGGTGAAGGTTGTGATGACTGCTTACAATCGCCCTCGGGCAATTTTTGA
90774b6411d6f8af6bb92a122bc5a5c42f661f8c	100	Parmelia_sp|KF617290|SH182152.07FU|MCN_ident|k__Fungi;p__Ascomycota;c__Lecanoromycetes;o__Lecanorales;f__Parmeliaceae;g__Parmelia;s__Parmelia_sp	Fungi	Ascomycota	Lecanoromycetes	Lecanorales	Parmeliaceae	Parmelia	Parmelia_sp	KF617290	SH182152.07FU	MCN_ident	CACCCCTCAAAGATGACTCTTTGGCGTTGGGCAATGCCTAAAGGCATGCCTCAAAATCAGCGATGGTGATATTCAACCACAGGCGCACACACGTCGTCTAGCTGGCGGGATGTTGACAGTCAATTGATGAATTTCTAAA
efa49da6c35317a5fb9d9551e631656448ac4a0e	100	Mortierella_minutissima|HQ630323|SH196780.07FU|refs|k__Fungi;p__Zygomycota;c__Mortierellomycotina_cls_Incertae_sedis;o__Mortierellales;f__Mortierellaceae;g__Mortierella;s__Mortierella_minutissima	Fungi	Zygomycota	Mortierellomycotina_cls_Incertae_sedis	Mortierellales	Mortierellaceae	Mortierella	Mortierella_minutissima	HQ630323	SH196780.07FU	refs	AACACCTCAACCTCTCTTTTTTGATAAAAAAAAGGGAGGGTGGACTTGAGCTATCCCAACGACCTTCACCGGTAGGCGGGCGGCTTGAAATGCAGGTGCAGCTGGACTTTTATCTGAGCTAAAAGCATATCTATTTAGTCCTCGTCAAACAGGATTATTACTTTTGCTGCAGCTAACATAAAGGATAATTGTCCTCTTTGCTGACTGATGCAGGATTTTACGACACTTTATGTGTTGTTCA
1b247938f45848d8761666c36ca6d73b3fccd049	100	Archaeorhizomycetales_sp|JX907826|SH004211.07FU|reps_singleton|k__Fungi;p__Ascomycota;c__Archaeorhizomycetes;o__Archaeorhizomycetales;f__unidentified;g__unidentified;s__Archaeorhizomycetales_sp	Fungi	Ascomycota	Archaeorhizomycetes	Archaeorhizomycetales	unidentified	unidentified	Archaeorhizomycetales_sp	JX907826	SH004211.07FU	reps_singleton	AACTCATACCTTCTTAGTGTGTTGGGCCTCGCCCCAGCGGCGTAGCCTCAAAGTCATTGGTCTAAAGGCGGACAAGATCCATTGGGACCGACCGTTTGGGACCATAAACCTCTG
771887cd811081f10521daf25c8f7a96906af63e	90.3	Archaeorhizomyces_sp|HQ211925|SH203825.07FU|MCN_ident|k__Fungi;p__Ascomycota;c__Archaeorhizomycetes;o__Archaeorhizomycetales;f__Archaeorhizomycetaceae;g__Archaeorhizomyces;s__Archaeorhizomyces_sp	Fungi	Ascomycota	Archaeorhizomycetes	Archaeorhizomycetales	Archaeorhizomycetaceae	Archaeorhizomyces	Archaeorhizomyces_sp	HQ211925	SH203825.07FU	MCN_ident	AATCTATAAGCCCTTCTGGGTTTGTGTCTGGGTGTTCGCCGTCGGCGTCGCCTCAAAGTCATCTGTCTTATGAGCGGACGAGATCCTTTTGGACTGACCGTTCGTGGGACCCTAAATCTCTG
dd01c0d5c7446aa55244831d3dbf958fefc7ea29	100	Phallus_impudicus|UDB015413|SH207227.07FU|refs|k__Fungi;p__Basidiomycota;c__Agaricomycetes;o__Phallales;f__Phallaceae;g__Phallus;s__Phallus_impudicus	Fungi	Basidiomycota	Agaricomycetes	Phallales	Phallaceae	Phallus	Phallus_impudicus	UDB015413	SH207227.07FU	refs	AGTCTCATCGGATAAGGGGGTCCCTTGCGAAGGGGGCCTCTTTTCGGTCTTGGACGGTCTTGCCTTCACTTTGTCTGTGAAGGCTCGTCTTCAAATTCATCGGCGAGGGTTTCCAAGTCCCCCCCACGGAGACGCGTGATAAGTCTTGCGTCGTCTGGGGGTAAGGAGCCCGGCCCCCATCACTCTTTTTTAACG
2327353461c7b35779bf54363646aa847a01e7d3	89.5	Archaeorhizomyces_sp|UDB004160|SH222011.07FU|MCN_ident|k__Fungi;p__Ascomycota;c__Archaeorhizomycetes;o__Archaeorhizomycetales;f__Archaeorhizomycetaceae;g__Archaeorhizomyces;s__Archaeorhizomyces_sp	Fungi	Ascomycota	Archaeorhizomycetes	Archaeorhizomycetales	Archaeorhizomycetaceae	Archaeorhizomyces	Archaeorhizomyces_sp	UDB004160	SH222011.07FU	MCN_ident	AAACCTATGGGCCCAACTGGGTTCCGTATTGGGCCTCGCTTCTCTCTGAGCGGCGTCGCCTCAAAGGCATCGGCCTCATGGAGCGGACGGGATCCTTATGGACTGACCGTTTCATGGCCGGAGTTTGACTCTG
be5255f9fb42b64df755d7ac2a169e1da5073d48	100	Mortierella_humilis|JN943793|SH196779.07FU|refs|k__Fungi;p__Zygomycota;c__Mortierellomycotina_cls_Incertae_sedis;o__Mortierellales;f__Mortierellaceae;g__Mortierella;s__Mortierella_humilis	Fungi	Zygomycota	Mortierellomycotina_cls_Incertae_sedis	Mortierellales	Mortierellaceae	Mortierella	Mortierella_humilis	JN943793	SH196779.07FU	refs	AACACCTCAACCTCCTCTTGTTTTTTCAAAAGGAGGGTGGACTTGAGCTATCCCAACAACCTTCACCGGTAGGCGGGCGGCTTGAAATGCAGGTGCAGCTGGACTTTTATCTGAGCTAAAAGCATATCTATTTAGTCCTCGTCAAACAGGATTATTACTATTGCTGCAGCTAACATAAAGGATAATTGTCCTCATTGCTGACTGATGCAGGATTTTACGACACTTTATGTGTTGTTCA
f3d6776aee2825dc927ec1964a2f2c09592de8c6	100	Archaeorhizomyces_sp|GQ159981|SH222239.07FU|MCN_ident|k__Fungi;p__Ascomycota;c__Archaeorhizomycetes;o__Archaeorhizomycetales;f__Archaeorhizomycetaceae;g__Archaeorhizomyces;s__Archaeorhizomyces_sp	Fungi	Ascomycota	Archaeorhizomycetes	Archaeorhizomycetales	Archaeorhizomycetaceae	Archaeorhizomyces	Archaeorhizomyces_sp	GQ159981	SH222239.07FU	MCN_ident	GAAACCAATGAGTCTCCGGACTTGTGTTGGGCTCCGCACCCTCGCGTTGCCTCGAAGCCATGGTCTAACCTGCGGACGACTCCAATCGGACCTGCCGCGGCGTGGCCCATACATAC
fe05dbaf9be1b8aef79ecc03c454cbacba3f345c	100	Ramularia_vizellae|JF449567|SH206778.07FU|MCN_exact|k__Fungi;p__Ascomycota;c__Dothideomycetes;o__Capnodiales;f__Mycosphaerellaceae;g__Ramularia;s__Ramularia_vizellae	Fungi	Ascomycota	Dothideomycetes	Capnodiales	Mycosphaerellaceae	Ramularia	Ramularia_vizellae	JF449567	SH206778.07FU	MCN_exact	CACCACTCAAGCCTCGCTTGGTATTGGGCGTCGCGAGTCTCTCGCGCGCCTTAAAGTCTCCGGCTGTTTGACCCGTCTCCCAGCGTTGTGGCAACTATTTCGCAGTGGAGTTCGAGTTGGATCGGCCGTTAAATCTTTCAAA
35126d90a82ed85aa674a6c3c2508938c62b155b	100	Clavulina_sp|EU668306|SH179905.07FU|MCN_ident|k__Fungi;p__Basidiomycota;c__Agaricomycetes;o__Cantharellales;f__Clavulinaceae;g__Clavulina;s__Clavulina_sp	Fungi	Basidiomycota	Agaricomycetes	Cantharellales	Clavulinaceae	Clavulina	Clavulina_sp	EU668306	SH179905.07FU	MCN_ident	AATTCTCAAGCTAGATGCTTTTTTGTATCTCGGTTTGGTTATTGGGCTCTGCCGTGTCCTTCATTGGGACGGCTGGCCTTAAAGGCATTAGCTGACCCTCATGATGGCATTGGTTCTACTCAGCGTGATAATAATCTGACCGCTGAGGACATCTTTCGGGATGGCCAATTCTCGTTTGGGTTGCTCTCTAATCTGGATTATGGGTTGCCAACCAGCAATCTATTCCATTTTCAA
84b20b64ed622cdafb08ecda23795f03e15917d9	100	Mortierella_sp|HM240131|SH003980.07FU|MCN_ident|k__Fungi;p__Zygomycota;c__Mortierellomycotina_cls_Incertae_sedis;o__Mortierellales;f__Mortierellaceae;g__Mortierella;s__Mortierella_sp	Fungi	Zygomycota	Mortierellomycotina_cls_Incertae_sedis	Mortierellales	Mortierellaceae	Mortierella	Mortierella_sp	HM240131	SH003980.07FU	MCN_ident	AACACCTCAAAGCTTTTGGATTTTTTAATCGAAAAGCTTTGGACTTGAGCAATCCCAACACCAATCTTTTTGAGATCGGTGGCGGGTTGCTTGAAATGCAGGTGCAGCTGGACATTCTCCTGAGCTAAAAGCATATTCATTTAGTCCCGTCAAACGGATTATTACTTTTGCTGCAGCTAACATAAAGGGAGTTTGACCGTATTGGCTGACTGATGCAGGATTTCACAAGGGTCGGCAACGATTCTTGTTAA
39efbae3f448393c8795c2ee920ab1041e947c37	100	Mycosphaerella_tassiana|EF679363|SH216250.07FU|refs|k__Fungi;p__Ascomycota;c__Dothideomycetes;o__Capnodiales;f__Mycosphaerellaceae;g__Mycosphaerella;s__Mycosphaerella_tassiana	Fungi	Ascomycota	Dothideomycetes	Capnodiales	Mycosphaerellaceae	Mycosphaerella	Mycosphaerella_tassiana	EF679363	SH216250.07FU	refs	CACCACTCAAGCCTCGCTTGGTATTGGGCAACGCGGTCCGCCGCGTGCCTCAAATCGTCCGGCTGGGTCTTCTGTCCCCTAAGCGTTGTGGAAACTATTCGCTAAAGGGTGTTCGGGAGGCTACGCCGTAAAACAACCCCATTTCTAA
dda4a9f2b4689962c88e000fbe06b19c7b648d4a	100	Fungi_sp|HQ445581|SH021173.07FU|reps_singleton|k__Fungi;p__unidentified;c__unidentified;o__unidentified;f__unidentified;g__unidentified;s__Fungi_sp	Fungi	unidentified	unidentified	unidentified	unidentified	unidentified	Fungi_sp	HQ445581	SH021173.07FU	reps_singleton	AACAAGATCAACTCTAGTTGAGAGTTGGGATTGGCCTTATATATGCGGTAGTGTGTATTTGGCTTGAATTTATCGAGTTGATGAGCTTCCCAGCGCGGCTCAATGTGTGCTAGCGAGACAGTCGTCCCGATCTCACATTATTGTCGCGTTGCAGAGTTCTGACCACAGCTCGCTAAACCTATCAATCAA
2b98305e308134ec52229d7ce560323e1c26a179	99.5	Saccharomycetales_sp|UDB020687|SH196473.07FU|reps|k__Fungi;p__Ascomycota;c__Saccharomycetes;o__Saccharomycetales;f__unidentified;g__unidentified;s__Saccharomycetales_sp	Fungi	Ascomycota	Saccharomycetes	Saccharomycetales	unidentified	unidentified	Saccharomycetales_sp	UDB020687	SH196473.07FU	reps	CACTCTTAAATCGTTTGATTTAGTATTGAACTATATTTTTCTGTTGCAAAATAGAAAATAGTTTGAAATTGATTTGGCAAGAAGCAATATCCAGTTTGAAGCTTTCTTTTTACAACGTAATAGGTTTTACCAACTCGTTGGCTAGTAAGGAGCTTTGTTATATTTGGATATATCGCTTTGGCGTTATAATTTTTAAAATTAAAA
c6d3e4fa7302fa74a4c12cfc2a9f76b06044b40e	98.5	Rozellomycota_sp|FJ197199|SH021172.07FU|reps_singleton|k__Fungi;p__Rozellomycota;c__unidentified;o__unidentified;f__unidentified;g__unidentified;s__Rozellomycota_sp	Fungi	Rozellomycota	unidentified	unidentified	unidentified	unidentified	Rozellomycota_sp	FJ197199	SH021172.07FU	reps_singleton	AACAAGATCAACTCTAGTTGAGAGTTGGGAGTGGCCTTATATGCTGCCTGTAGGTGGTGTATTTGGCTTGAATTGATCGAGTTGATGAGCTTCCCAGCGCGGCTCAATGTGTGCTAGCGAGACAGTCGTCCCGATCTCACATTATCGCTGCGTTGCAGAGTTCTGACCACAGCTCGTTAAACTATCATTATATCAA
b3e9599cb1ef165d0b5124fc1bbb03e0eb39a488	100	Amanita_fulva|UDB015176|SH192283.07FU|refs|k__Fungi;p__Basidiomycota;c__Agaricomycetes;o__Agaricales;f__Amanitaceae;g__Amanita;s__Amanita_fulva	Fungi	Basidiomycota	Agaricomycetes	Agaricales	Amanitaceae	Amanita	Amanita_fulva	UDB015176	SH192283.07FU	refs	AACTATCAAAACACTTTTTTTGTTGAAGTGTTTTGGACTTTGGGAGTACTGTGCTGGTCTCTTTTGTTTTGGACCCAGCTCTCCTCAAAAGCATTAACTTTGGAGAACCATCAGTGTGATATATCATTTTGTTTATACGCTGGCTTTCTCCTTTTAAAAATGCCC
46a23274b546988769f2e28dc88bc15abdf5c619	100	Ascomycota_sp|HG937104|SH490663.07FU|reps_singleton|k__Fungi;p__Ascomycota;c__unidentified;o__unidentified;f__unidentified;g__unidentified;s__Ascomycota_sp	Fungi	Ascomycota	unidentified	unidentified	unidentified	unidentified	Ascomycota_sp	HG937104	SH490663.07FU	reps_singleton	GTACCTTCAAGCTCTGCTTGGTGTTGGGTGTTTGTCTCGCCTTTGCGTGTAGACTCGCCTCAAAACAATTGGCAGCCGGCGTATTGATTTCGGAGCGCAGTACATCTCGCGCTTTGCACTCATAACGACGACGTCCAAAAGTACATTTTTACAC
6690606e1c8ad80ef57ed02d786512bad7608ff1	97.6	Mortierella_sp|KJ735008|SH489413.07FU|MCN_ident|k__Fungi;p__Zygomycota;c__Mortierellomycotina_cls_Incertae_sedis;o__Mortierellales;f__Mortierellaceae;g__Mortierella;s__Mortierella_sp	Fungi	Zygomycota	Mortierellomycotina_cls_Incertae_sedis	Mortierellales	Mortierellaceae	Mortierella	Mortierella_sp	KJ735008	SH489413.07FU	MCN_ident	AACACCTCAAAGCTTTTGGATTTTTTTTGAAAGCTTTGGACTTGAGCAATCCCAACGCCAATCTTTTTCAGATCGGCGGCGGGTTGCTTGAAATGCAGGTGCAGCTGGACTTTCTCCTGAGCTAAAAGCATATTCATTTAGTCCCGTCAAACGGATTATTACTTTTGCTGCAGCTAACATAAAGGGAGTTTGACCGTATTGGCTGACTGATGCAGGATTTTACAAGGGTCGGCAACGATTCTTGTTAA
0f1a7c9c1b311f2e5930544623018598cc9e05f7	96.7	Archaeorhizomyces_sp|GQ160021|SH004231.07FU|MCN_ident|k__Fungi;p__Ascomycota;c__Archaeorhizomycetes;o__Archaeorhizomycetales;f__Archaeorhizomycetaceae;g__Archaeorhizomyces;s__Archaeorhizomyces_sp	Fungi	Ascomycota	Archaeorhizomycetes	Archaeorhizomycetales	Archaeorhizomycetaceae	Archaeorhizomyces	Archaeorhizomyces_sp	GQ160021	SH004231.07FU	MCN_ident	AAACCAATGGACCCGAATGGGTTTCGTGTTGGGCCTCGCCCTAAGGGCGTCGCCTCAAGGCTATTAGTCTAAGAGCGGACGAGTTCCTTTAGGACAGACCGTTCGATGGCAATATATTTCTG
3be3cd6256fcc8741575b9621783eee6ef41286d	98.2	Amanita_fulva|UDB015176|SH192283.07FU|refs|k__Fungi;p__Basidiomycota;c__Agaricomycetes;o__Agaricales;f__Amanitaceae;g__Amanita;s__Amanita_fulva	Fungi	Basidiomycota	Agaricomycetes	Agaricales	Amanitaceae	Amanita	Amanita_fulva	UDB015176	SH192283.07FU	refs	AACTATCAAAACACTTTTTGTTGAAGTGTTTTGGACTTTGGGAGTACTGTGCTGGTCTCTTTTGTTTTGGAGCCAGCTCTCCTCAAAAGCATTAACTTTGGAGAACCATCAGTGTGATATATCATTTTGTTTATACGCTGGCTTTCTCCTTTTAAAAATGCCC
77bd35530c2c8408d23b3525908526794b09055d	100	Apiotrichum_xylopini|HQ005752|SH262855.07FU|refs|k__Fungi;p__Basidiomycota;c__Tremellomycetes;o__Trichosporonales;f__Trichosporonaceae;g__Apiotrichum;s__Apiotrichum_xylopini	Fungi	Basidiomycota	Tremellomycetes	Trichosporonales	Trichosporonaceae	Apiotrichum	Apiotrichum_xylopini	HQ005752	SH262855.07FU	refs	AATCTCAACCATTAGGGTTTCTTAATGGCTTGGATTTGGGTGTTGCCAGTCTCTGGCTCGCCTTAAAGGAGTTAGCGAGTTTAACAATGTCGTCTGGCGTAATAAGTTTCGCTGGTAAGACTTGTGAAGTTTGCTTCTAATCGTCTTCGGACAATTACTTTGA
ef9b606b58543ed8319aa0ce2b4ebae25b92d719	100	Pseudaleuria_sp|EU826917|SH220511.07FU|MCN_ident|k__Fungi;p__Ascomycota;c__Pezizomycetes;o__Pezizales;f__Pyronemataceae;g__Pseudaleuria;s__Pseudaleuria_sp	Fungi	Ascomycota	Pezizomycetes	Pezizales	Pyronemataceae	Pseudaleuria	Pseudaleuria_sp	EU826917	SH220511.07FU	MCN_ident	AAAACCACTCAAGCTCTTTTGCTTGGTATTGGAAGATGAGTATGCTTTGTTATACTCACTTTCGAAATTCAAAGGCGTAGAGCCCCACGTGCCACGGCGTAGTAAGTTTTCTTTCGCTTGGAATGTGAGGTGATATTGCCACAAACCCCCAATTTTTCTA
02d9167bbc964d159357f2dedbd095495a264b25	100	Clavulina_sp|UDB005058|SH220217.07FU|MCN_ident|k__Fungi;p__Basidiomycota;c__Agaricomycetes;o__Cantharellales;f__Clavulinaceae;g__Clavulina;s__Clavulina_sp	Fungi	Basidiomycota	Agaricomycetes	Cantharellales	Clavulinaceae	Clavulina	Clavulina_sp	UDB005058	SH220217.07FU	MCN_ident	AATTTCTCAAGCTAGGATGGCTTTTTGTCTGTCCTTAGCCTTGGTTGTTGGGCTTTGCCGTGTCCTTCATTGGGACGGCTGGCCTTAAAAGCATTAGCTGATCCTCGTGTGGCACTGGTTCTACTCAGCGTGATAACAGTCTGATCGCTGAGGACATCTTTTGGGATGGCCAGTCCTCATTTGGGTTGCTTCTAAACTTGGTTTCGCGGATTGTTCAATCTGCGTTCCACTTTTCAG
4ade8554168d34f6d83d0a7d102c0acb3c4f5d14	99.3	Preussia_flanaganii|AY943061|SH184180.07FU|refs|k__Fungi;p__Ascomycota;c__Dothideomycetes;o__Pleosporales;f__Sporormiaceae;g__Preussia;s__Preussia_flanaganii	Fungi	Ascomycota	Dothideomycetes	Pleosporales	Sporormiaceae	Preussia	Preussia_flanaganii	AY943061	SH184180.07FU	refs	AAACCTTCAAGCTCTGCTTGGTGTTGGGCGTCTGTCCTGCCTCACGGCGCGGACTCGCCTCAAATCTATTGGCGGCCGGCACGTTGGCTTCGAGCGCAGCAGAAACGCGAACTCGGGCCCGACGGATCGGCTCCCAGAAGCTACCCCCATGA
013f5ce0c9f71560aec861c971cebade1ef30049	100	Inocybe_maculata|AM882962|SH014255.07FU|MCN_exact|k__Fungi;p__Basidiomycota;c__Agaricomycetes;o__Agaricales;f__Inocybaceae;g__Inocybe;s__Inocybe_maculata	Fungi	Basidiomycota	Agaricomycetes	Agaricales	Inocybaceae	Inocybe	Inocybe_maculata	AM882962	SH014255.07FU	MCN_exact	ATGTCTCAACCACACCGTGAGGTGTGGCTTGGATTTGGGGGTTACAGGCCTAGTCTGCTCCCCTGAAATACATGAGTGGTAACGACCTCTCCATTAAGATGTGATACATATCTGCATCTGGTCGAGGGTTCTGCTGCTATATAAGAGTTGGATTTGATAA
2b67714d43ae8e5e56b416f5e9a84bbd86601959	89.5	Hyaloscypha_sp|AJ430410|SH181115.07FU|MCN_ident|k__Fungi;p__Ascomycota;c__Leotiomycetes;o__Helotiales;f__Hyaloscyphaceae;g__Hyaloscypha;s__Hyaloscypha_sp	Fungi	Ascomycota	Leotiomycetes	Helotiales	Hyaloscyphaceae	Hyaloscypha	Hyaloscypha_sp	AJ430410	SH181115.07FU	MCN_ident	TGACCACTCAAGCCTGGCTTGGTGTTGGGGTGCGCGGTTTCGCGGCCCTTAAAACCTGTGGCGGCGCCATCTTGGCTCTAAGCGTAGTAATTCTTCTCGCTATAGGGTTCCGGTGGATGCTTGCCAGTAACCTTCCATCTCAA
38655baaa1f7d61f7931bc70186f9abdad122c8d	99.3	Neoascochyta_paspali|FJ427048|SH215817.07FU|refs|k__Fungi;p__Ascomycota;c__Dothideomycetes;o__Pleosporales;f__Didymellaceae;g__Neoascochyta;s__Neoascochyta_paspali	Fungi	Ascomycota	Dothideomycetes	Pleosporales	Didymellaceae	Neoascochyta	Neoascochyta_paspali	FJ427048	SH215817.07FU	refs	GTACCTTCAAGCTCTGCTTGGTGTTGGGTGTTTGTCCCGCCTTTGTGCGTGGACTCGCCTTAAAGCAATTGGCAGCCGACGTATTGTTTCGGAGCGCAGCACAAATTGCGCTTTGTAGCTATTACGACAGCATCCATCAAGCCTTTTTTCAC
